{
  "version": 1,
  "author": "Uri Shaked",
  "editor": "wokwi",
  "parts": [
    { "type": "wokwi-esp32-devkit-v1", "id": "esp", "top": 0, "left": 0, "attrs": {} },
    {
      "type": "wokwi-photoresistor-sensor",
      "id": "ldr1",
      "top": 6.08,
      "left": 154.46,
      "rotate": 180,
      "attrs": {}
    }
  ],
  "connections": [
    [ "esp:TX0", "$serialMonitor:RX", "", [] ],
    [ "esp:RX0", "$serialMonitor:TX", "", [] ],
    [ "ldr1:VCC", "esp:3V3", "red", [ "h-25.12", "v105.14" ] ],
    [ "ldr1:GND", "esp:GND.1", "black", [ "h-30.8", "v105.55" ] ],
    [ "ldr1:AO", "esp:D2", "green", [ "h-39.33", "v103.03" ] ]
  ],
  "dependencies": {}
}