{
  "version": 1,
  "author": "Uri Shaked",
  "editor": "wokwi",
  "parts": [
    { "type": "wokwi-esp32-devkit-v1", "id": "esp", "top": 0, "left": 0, "attrs": {} },
    {
      "type": "wokwi-pushbutton",
      "id": "btn1",
      "top": 102.91,
      "left": 191.36,
      "attrs": { "color": "green" }
    },
    {
      "type": "wokwi-led",
      "id": "led1",
      "top": 175.84,
      "left": 200.08,
      "attrs": { "color": "red" }
    }
  ],
  "connections": [
    [ "esp:TX0", "$serialMonitor:RX", "", [] ],
    [ "esp:RX0", "$serialMonitor:TX", "", [] ],
    [ "esp:GND.1", "btn1:2.l", "black", [ "h0" ] ],
    [ "esp:D2", "btn1:1.l", "green", [ "h50.79", "v-15.44" ] ],
    [ "esp:GND.1", "led1:C", "black", [ "h18.94", "v65.7", "h2.7" ] ],
    [ "esp:D4", "led1:A", "green", [ "h30.18", "v117.63", "h90.39" ] ]
  ],
  "dependencies": {}
}